order_id,date,customer,product,quantity,unit_price,amount
SO-1001,2026-03-29,Vandelay Imports,Whiteboard markers,9,6.40,57.60
SO-1002,2026-03-04,Wayne Enterprises,Printer paper (box),9,24.90,224.10
SO-1003,2026-03-23,Acme Corp,Notebook pack,9,8.75,78.75
SO-1004,2026-03-12,Globex,Stapler,8,12.50,100.00
SO-1005,2026-03-23,Umbrella Ltd,Stapler,8,12.50,100.00
SO-1006,2026-03-06,Stark Industries,Monitor stand,2,45.50,91.00
SO-1007,2026-03-10,Vandelay Imports,Whiteboard markers,8,6.40,51.20
SO-1008,2026-03-05,Hooli,Stapler,4,12.50,50.00
SO-1009,2026-03-19,Hooli,Office chair,9,179.00,1611.00
SO-1010,2026-03-12,Vandelay Imports,Toner cartridge,2,89.99,179.98
SO-1011,2026-03-05,Globex,Monitor stand,10,45.50,455.00
SO-1012,2026-03-27,Stark Industries,Office chair,1,179.00,179.00
SO-1013,2026-03-17,Stark Industries,Desk lamp,2,39.00,78.00
SO-1014,2026-03-16,Wayne Enterprises,Whiteboard markers,9,6.40,57.60
SO-1015,2026-03-08,Stark Industries,Monitor stand,9,45.50,409.50
SO-1016,2026-03-15,Initech,Notebook pack,3,8.75,26.25
SO-1017,2026-03-04,Hooli,Notebook pack,12,8.75,105.00
SO-1018,2026-03-27,Wayne Enterprises,Desk lamp,11,39.00,429.00
SO-1019,2026-03-23,Soylent Co,Notebook pack,7,8.75,61.25
SO-1020,2026-03-29,Initech,Office chair,11,179.00,1969.00
SO-1021,2026-03-06,Soylent Co,Printer paper (box),7,24.90,174.30
SO-1022,2026-03-17,Hooli,Toner cartridge,12,89.99,1079.88
SO-1023,2026-03-14,Initech,Notebook pack,10,8.75,87.50
SO-1024,2026-03-12,Hooli,Printer paper (box),10,24.90,249.00
SO-1025,2026-03-06,Vandelay Imports,Notebook pack,6,8.75,52.50
SO-1026,2026-03-02,Globex,Stapler,4,12.50,50.00
SO-1027,2026-03-08,Tyrell Corp,Printer paper (box),10,24.90,249.00
SO-1028,2026-03-05,Vandelay Imports,Desk lamp,6,39.00,234.00
SO-1029,2026-03-19,Wayne Enterprises,Whiteboard markers,4,6.40,25.60
SO-1030,2026-03-26,Stark Industries,Desk lamp,7,39.00,273.00
SO-1031,2026-03-08,Stark Industries,Desk lamp,1,39.00,39.00
SO-1032,2026-03-25,Stark Industries,Whiteboard markers,7,6.40,44.80
SO-1033,2026-03-03,Wayne Enterprises,Stapler,6,12.50,75.00
SO-1034,2026-03-27,Tyrell Corp,Whiteboard markers,1,6.40,6.40
SO-1035,2026-03-16,Wayne Enterprises,Toner cartridge,5,89.99,449.95
SO-1036,2026-03-26,Wayne Enterprises,Desk lamp,2,39.00,78.00
SO-1037,2026-03-28,Initech,Whiteboard markers,12,6.40,76.80
SO-1038,2026-03-16,Hooli,Notebook pack,5,8.75,43.75
SO-1039,2026-03-03,Initech,Whiteboard markers,2,6.40,12.80
SO-1040,2026-03-18,Stark Industries,Monitor stand,3,45.50,136.50
