order_id,order_date,region,amount
ORD-2045,09-Mar-2026, East ,224.28
ORD-2011,11-Mar-2026,West,1395.05
ORD-2017,21-Feb-2026,North,"1,918.58"
ORD-2060,01/20/2026,west,$41.89
ORD-2008,2026-03-05,North,"$1,352.36"
ORD-2038,24-Jan-2026,NORTH,295.97
ORD-2052,"Mar 22, 2026",South,680.65
ORD-2028,2026-03-19,north,$59.53
ORD-2039,01/16/2026,north,77.74
ORD-2016,2026-01-08,North,"$1,351.99"
ORD-2037,2026-03-11,WEST,674.69
ORD-2022,"Jan 7, 2026",NORTH,"1,315.53"
ORD-2024,"Mar 13, 2026",east,"2,306.75"
ORD-2059,"Jan 4, 2026", West ,2132.47
ORD-2029,2026-01-29, East ,"1,998.59"
ORD-2035,09-Jan-2026,NORTH,2425.92
ORD-2005,11-Mar-2026, South ,529.34
ORD-2011,2026-03-11, West ,1395.05
ORD-2029,2026-01-29,EAST,1998.59
ORD-2028,03/19/2026,north,59.53
ORD-2058,05-Jan-2026,West,686.95
ORD-2018,2026-01-16,SOUTH,"$2,454.80"
ORD-2048,2026-01-03,North  ,1248.77
ORD-2001,03/28/2026,WEST,788.45
ORD-2003,31-Jan-2026,SOUTH,1012.98
ORD-2032,2026-02-01,EAST,1479.10
ORD-2034,2026-03-15,West  ,"$2,304.06"
ORD-2019,2026-03-03,North,1330.5
ORD-2002,"Jan 8, 2026",North  ,1736.52
ORD-2054,2026-03-30,north,650.08
ORD-2026,"Jan 31, 2026", West ,2458.57
ORD-2041,14-Mar-2026,EAST,1341.55
ORD-2025,2026-02-01, East ,927.81
ORD-2042,02/21/2026,West  ,2055.25
ORD-2055,2026-03-31, South ,429.54
ORD-2060,01/20/2026,west,41.89
ORD-2044,30-Mar-2026,South  ,2054.00
ORD-2006,21-Jan-2026,EAST,"$1,287.39"
ORD-2033,02/13/2026, North ,152.31
ORD-2036,15-Mar-2026,EAST,2321.74
ORD-2050,"Feb 4, 2026",South  ,"$1,077.01"
ORD-2043,"Mar 8, 2026",North  ,571.26
ORD-2021,2026-03-18,EAST,"$2,113.39"
ORD-2014,03-Feb-2026,WEST,262.56
ORD-2009,2026-01-23,West  ,456.82
ORD-2030,15-Mar-2026,North  ,151.50
ORD-2019,"Mar 3, 2026",NORTH,1330.50
ORD-2007,2026-02-01,north,"$1,032.21"
ORD-2049,"Feb 24, 2026",WEST,$494.21
ORD-2046,"Jan 14, 2026", West ,"2,493.08"
ORD-2023,01/01/2026,south,"$1,247.66"
ORD-2010,2026-01-16, North ,2010.75
ORD-2040,"Feb 3, 2026", West ,1409.83
ORD-2047,2026-02-25, North ,110.07
ORD-2027,2026-03-22,West  ,484.20
ORD-2012,"Feb 2, 2026", East ,42.63
ORD-2020,2026-01-23,north,291.65
ORD-2004,24-Feb-2026,North,"1,620.04"
ORD-2053,2026-02-08, East ,913.61
ORD-2031,03/15/2026,west,594.13
ORD-2048,03-Jan-2026,NORTH,1248.77
ORD-2057,"Mar 2, 2026",North  ,1777.63
ORD-2056,"Mar 23, 2026",West,508.93
ORD-2035,09-Jan-2026,north,2425.92
ORD-2051,12-Mar-2026,east,389.74
ORD-2015,05-Feb-2026,north,852.03
ORD-2013,02/27/2026, East ,$675.09
ORD-2017,2026-02-21, North ,"$1,918.58"
